Workbook

Sheet Summary
A1: Inventory aged 181+ days vs Prime Day deals
A2: Ages: Amazon age snapshot 2026-10-03 (via the Ecotero LTSF engine). Deals: Jospeh_Allocation_Planner.xlsx. Next aged-inventory charge 2026-10-15; a removal submitted by 2026-10-14 avoids it. US figures in USD, CA in CAD. Charges are the engine's projections and match Amazon's own estimates (ratio 1.00).
A4: Market | B4: Product | C4: Aged SKUs | D4: Aged units 181+ | E4: Units 271d+ | F4: Oct-15 charge (est.) | G4: PD committed units (aged SKUs) | H4: Aged units left after PD | I4: SKUs: deal covers all aged | J4: SKUs: deal covers part | K4: SKUs: left out of PD | L4: SKUs: product not in PD
A5: US | B5: Bamboo Sheets 4 Piece | C5: =COUNTIFS('Aged SKUs vs PD'!$A$2:$A$212,$A5,'Aged SKUs vs PD'!$B$2:$B$212,$B5) -> 16 | D5: =SUMIFS('Aged SKUs vs PD'!$E$2:$E$212,'Aged SKUs vs PD'!$A$2:$A$212,$A5,'Aged SKUs vs PD'!$B$2:$B$212,$B5) -> 897 | E5: =SUMIFS('Aged SKUs vs PD'!$N$2:$N$212,'Aged SKUs vs PD'!$A$2:$A$212,$A5,'Aged SKUs vs PD'!$B$2:$B$212,$B5) -> 548 | F5: =SUMIFS('Aged SKUs vs PD'!$O$2:$O$212,'Aged SKUs vs PD'!$A$2:$A$212,$A5,'Aged SKUs vs PD'!$B$2:$B$212,$B5) -> 917.87 | G5: =SUMIFS('Aged SKUs vs PD'!$T$2:$T$212,'Aged SKUs vs PD'!$A$2:$A$212,$A5,'Aged SKUs vs PD'!$B$2:$B$212,$B5) -> 228 | H5: =SUMIFS('Aged SKUs vs PD'!$U$2:$U$212,'Aged SKUs vs PD'!$A$2:$A$212,$A5,'Aged SKUs vs PD'!$B$2:$B$212,$B5) -> 673 | I5: =COUNTIFS('Aged SKUs vs PD'!$A$2:$A$212,$A5,'Aged SKUs vs PD'!$B$2:$B$212,$B5,'Aged SKUs vs PD'!$R$2:$R$212,"In PD – deal covers all aged units") -> 1 | J5: =COUNTIFS('Aged SKUs vs PD'!$A$2:$A$212,$A5,'Aged SKUs vs PD'!$B$2:$B$212,$B5,'Aged SKUs vs PD'!$R$2:$R$212,"In PD – deal covers part of the aged units") -> 14 | K5: =COUNTIFS('Aged SKUs vs PD'!$A$2:$A$212,$A5,'Aged SKUs vs PD'!$B$2:$B$212,$B5,'Aged SKUs vs PD'!$R$2:$R$212,"Left out of PD") -> 1 | L5: =COUNTIFS('Aged SKUs vs PD'!$A$2:$A$212,$A5,'Aged SKUs vs PD'!$B$2:$B$212,$B5,'Aged SKUs vs PD'!$R$2:$R$212,"Not in any PD deal sheet") -> 0
A6: US | B6: Bamboo Sheets 6 Piece | C6: =COUNTIFS('Aged SKUs vs PD'!$A$2:$A$212,$A6,'Aged SKUs vs PD'!$B$2:$B$212,$B6) -> 18 | D6: =SUMIFS('Aged SKUs vs PD'!$E$2:$E$212,'Aged SKUs vs PD'!$A$2:$A$212,$A6,'Aged SKUs vs PD'!$B$2:$B$212,$B6) -> 1614 | E6: =SUMIFS('Aged SKUs vs PD'!$N$2:$N$212,'Aged SKUs vs PD'!$A$2:$A$212,$A6,'Aged SKUs vs PD'!$B$2:$B$212,$B6) -> 1294 | F6: =SUMIFS('Aged SKUs vs PD'!$O$2:$O$212,'Aged SKUs vs PD'!$A$2:$A$212,$A6,'Aged SKUs vs PD'!$B$2:$B$212,$B6) -> 2517.19 | G6: =SUMIFS('Aged SKUs vs PD'!$T$2:$T$212,'Aged SKUs vs PD'!$A$2:$A$212,$A6,'Aged SKUs vs PD'!$B$2:$B$212,$B6) -> 257 | H6: =SUMIFS('Aged SKUs vs PD'!$U$2:$U$212,'Aged SKUs vs PD'!$A$2:$A$212,$A6,'Aged SKUs vs PD'!$B$2:$B$212,$B6) -> 1371 | I6: =COUNTIFS('Aged SKUs vs PD'!$A$2:$A$212,$A6,'Aged SKUs vs PD'!$B$2:$B$212,$B6,'Aged SKUs vs PD'!$R$2:$R$212,"In PD – deal covers all aged units") -> 2 | J6: =COUNTIFS('Aged SKUs vs PD'!$A$2:$A$212,$A6,'Aged SKUs vs PD'!$B$2:$B$212,$B6,'Aged SKUs vs PD'!$R$2:$R$212,"In PD – deal covers part of the aged units") -> 14 | K6: =COUNTIFS('Aged SKUs vs PD'!$A$2:$A$212,$A6,'Aged SKUs vs PD'!$B$2:$B$212,$B6,'Aged SKUs vs PD'!$R$2:$R$212,"Left out of PD") -> 2 | L6: =COUNTIFS('Aged SKUs vs PD'!$A$2:$A$212,$A6,'Aged SKUs vs PD'!$B$2:$B$212,$B6,'Aged SKUs vs PD'!$R$2:$R$212,"Not in any PD deal sheet") -> 0
A7: US | B7: Satin Sheets 4 Piece | C7: =COUNTIFS('Aged SKUs vs PD'!$A$2:$A$212,$A7,'Aged SKUs vs PD'!$B$2:$B$212,$B7) -> 42 | D7: =SUMIFS('Aged SKUs vs PD'!$E$2:$E$212,'Aged SKUs vs PD'!$A$2:$A$212,$A7,'Aged SKUs vs PD'!$B$2:$B$212,$B7) -> 2919 | E7: =SUMIFS('Aged SKUs vs PD'!$N$2:$N$212,'Aged SKUs vs PD'!$A$2:$A$212,$A7,'Aged SKUs vs PD'!$B$2:$B$212,$B7) -> 672 | F7: =SUMIFS('Aged SKUs vs PD'!$O$2:$O$212,'Aged SKUs vs PD'!$A$2:$A$212,$A7,'Aged SKUs vs PD'!$B$2:$B$212,$B7) -> 1494.26 | G7: =SUMIFS('Aged SKUs vs PD'!$T$2:$T$212,'Aged SKUs vs PD'!$A$2:$A$212,$A7,'Aged SKUs vs PD'!$B$2:$B$212,$B7) -> 590 | H7: =SUMIFS('Aged SKUs vs PD'!$U$2:$U$212,'Aged SKUs vs PD'!$A$2:$A$212,$A7,'Aged SKUs vs PD'!$B$2:$B$212,$B7) -> 2399 | I7: =COUNTIFS('Aged SKUs vs PD'!$A$2:$A$212,$A7,'Aged SKUs vs PD'!$B$2:$B$212,$B7,'Aged SKUs vs PD'!$R$2:$R$212,"In PD – deal covers all aged units") -> 7 | J7: =COUNTIFS('Aged SKUs vs PD'!$A$2:$A$212,$A7,'Aged SKUs vs PD'!$B$2:$B$212,$B7,'Aged SKUs vs PD'!$R$2:$R$212,"In PD – deal covers part of the aged units") -> 27 | K7: =COUNTIFS('Aged SKUs vs PD'!$A$2:$A$212,$A7,'Aged SKUs vs PD'!$B$2:$B$212,$B7,'Aged SKUs vs PD'!$R$2:$R$212,"Left out of PD") -> 8 | L7: =COUNTIFS('Aged SKUs vs PD'!$A$2:$A$212,$A7,'Aged SKUs vs PD'!$B$2:$B$212,$B7,'Aged SKUs vs PD'!$R$2:$R$212,"Not in any PD deal sheet") -> 0
A8: US | B8: Satin Sheets 6 Piece | C8: =COUNTIFS('Aged SKUs vs PD'!$A$2:$A$212,$A8,'Aged SKUs vs PD'!$B$2:$B$212,$B8) -> 46 | D8: =SUMIFS('Aged SKUs vs PD'!$E$2:$E$212,'Aged SKUs vs PD'!$A$2:$A$212,$A8,'Aged SKUs vs PD'!$B$2:$B$212,$B8) -> 1062 | E8: =SUMIFS('Aged SKUs vs PD'!$N$2:$N$212,'Aged SKUs vs PD'!$A$2:$A$212,$A8,'Aged SKUs vs PD'!$B$2:$B$212,$B8) -> 821 | F8: =SUMIFS('Aged SKUs vs PD'!$O$2:$O$212,'Aged SKUs vs PD'!$A$2:$A$212,$A8,'Aged SKUs vs PD'!$B$2:$B$212,$B8) -> 1164.75 | G8: =SUMIFS('Aged SKUs vs PD'!$T$2:$T$212,'Aged SKUs vs PD'!$A$2:$A$212,$A8,'Aged SKUs vs PD'!$B$2:$B$212,$B8) -> 0 | H8: =SUMIFS('Aged SKUs vs PD'!$U$2:$U$212,'Aged SKUs vs PD'!$A$2:$A$212,$A8,'Aged SKUs vs PD'!$B$2:$B$212,$B8) -> 1062 | I8: =COUNTIFS('Aged SKUs vs PD'!$A$2:$A$212,$A8,'Aged SKUs vs PD'!$B$2:$B$212,$B8,'Aged SKUs vs PD'!$R$2:$R$212,"In PD – deal covers all aged units") -> 0 | J8: =COUNTIFS('Aged SKUs vs PD'!$A$2:$A$212,$A8,'Aged SKUs vs PD'!$B$2:$B$212,$B8,'Aged SKUs vs PD'!$R$2:$R$212,"In PD – deal covers part of the aged units") -> 0 | K8: =COUNTIFS('Aged SKUs vs PD'!$A$2:$A$212,$A8,'Aged SKUs vs PD'!$B$2:$B$212,$B8,'Aged SKUs vs PD'!$R$2:$R$212,"Left out of PD") -> 0 | L8: =COUNTIFS('Aged SKUs vs PD'!$A$2:$A$212,$A8,'Aged SKUs vs PD'!$B$2:$B$212,$B8,'Aged SKUs vs PD'!$R$2:$R$212,"Not in any PD deal sheet") -> 46
A9: US | B9: Silk Pillowcase | C9: =COUNTIFS('Aged SKUs vs PD'!$A$2:$A$212,$A9,'Aged SKUs vs PD'!$B$2:$B$212,$B9) -> 12 | D9: =SUMIFS('Aged SKUs vs PD'!$E$2:$E$212,'Aged SKUs vs PD'!$A$2:$A$212,$A9,'Aged SKUs vs PD'!$B$2:$B$212,$B9) -> 1963 | E9: =SUMIFS('Aged SKUs vs PD'!$N$2:$N$212,'Aged SKUs vs PD'!$A$2:$A$212,$A9,'Aged SKUs vs PD'!$B$2:$B$212,$B9) -> 1780 | F9: =SUMIFS('Aged SKUs vs PD'!$O$2:$O$212,'Aged SKUs vs PD'!$A$2:$A$212,$A9,'Aged SKUs vs PD'!$B$2:$B$212,$B9) -> 411.65 | G9: =SUMIFS('Aged SKUs vs PD'!$T$2:$T$212,'Aged SKUs vs PD'!$A$2:$A$212,$A9,'Aged SKUs vs PD'!$B$2:$B$212,$B9) -> 110 | H9: =SUMIFS('Aged SKUs vs PD'!$U$2:$U$212,'Aged SKUs vs PD'!$A$2:$A$212,$A9,'Aged SKUs vs PD'!$B$2:$B$212,$B9) -> 1853 | I9: =COUNTIFS('Aged SKUs vs PD'!$A$2:$A$212,$A9,'Aged SKUs vs PD'!$B$2:$B$212,$B9,'Aged SKUs vs PD'!$R$2:$R$212,"In PD – deal covers all aged units") -> 0 | J9: =COUNTIFS('Aged SKUs vs PD'!$A$2:$A$212,$A9,'Aged SKUs vs PD'!$B$2:$B$212,$B9,'Aged SKUs vs PD'!$R$2:$R$212,"In PD – deal covers part of the aged units") -> 11 | K9: =COUNTIFS('Aged SKUs vs PD'!$A$2:$A$212,$A9,'Aged SKUs vs PD'!$B$2:$B$212,$B9,'Aged SKUs vs PD'!$R$2:$R$212,"Left out of PD") -> 1 | L9: =COUNTIFS('Aged SKUs vs PD'!$A$2:$A$212,$A9,'Aged SKUs vs PD'!$B$2:$B$212,$B9,'Aged SKUs vs PD'!$R$2:$R$212,"Not in any PD deal sheet") -> 0
A10: CA | B10: Bamboo Sheets 4 Piece | C10: =COUNTIFS('Aged SKUs vs PD'!$A$2:$A$212,$A10,'Aged SKUs vs PD'!$B$2:$B$212,$B10) -> 13 | D10: =SUMIFS('Aged SKUs vs PD'!$E$2:$E$212,'Aged SKUs vs PD'!$A$2:$A$212,$A10,'Aged SKUs vs PD'!$B$2:$B$212,$B10) -> 111 | E10: =SUMIFS('Aged SKUs vs PD'!$N$2:$N$212,'Aged SKUs vs PD'!$A$2:$A$212,$A10,'Aged SKUs vs PD'!$B$2:$B$212,$B10) -> 92 | F10: =SUMIFS('Aged SKUs vs PD'!$O$2:$O$212,'Aged SKUs vs PD'!$A$2:$A$212,$A10,'Aged SKUs vs PD'!$B$2:$B$212,$B10) -> 226.29 | G10: =SUMIFS('Aged SKUs vs PD'!$T$2:$T$212,'Aged SKUs vs PD'!$A$2:$A$212,$A10,'Aged SKUs vs PD'!$B$2:$B$212,$B10) -> 61 | H10: =SUMIFS('Aged SKUs vs PD'!$U$2:$U$212,'Aged SKUs vs PD'!$A$2:$A$212,$A10,'Aged SKUs vs PD'!$B$2:$B$212,$B10) -> 68 | I10: =COUNTIFS('Aged SKUs vs PD'!$A$2:$A$212,$A10,'Aged SKUs vs PD'!$B$2:$B$212,$B10,'Aged SKUs vs PD'!$R$2:$R$212,"In PD – deal covers all aged units") -> 3 | J10: =COUNTIFS('Aged SKUs vs PD'!$A$2:$A$212,$A10,'Aged SKUs vs PD'!$B$2:$B$212,$B10,'Aged SKUs vs PD'!$R$2:$R$212,"In PD – deal covers part of the aged units") -> 4 | K10: =COUNTIFS('Aged SKUs vs PD'!$A$2:$A$212,$A10,'Aged SKUs vs PD'!$B$2:$B$212,$B10,'Aged SKUs vs PD'!$R$2:$R$212,"Left out of PD") -> 6 | L10: =COUNTIFS('Aged SKUs vs PD'!$A$2:$A$212,$A10,'Aged SKUs vs PD'!$B$2:$B$212,$B10,'Aged SKUs vs PD'!$R$2:$R$212,"Not in any PD deal sheet") -> 0
A11: CA | B11: Bamboo Sheets 6 Piece | C11: =COUNTIFS('Aged SKUs vs PD'!$A$2:$A$212,$A11,'Aged SKUs vs PD'!$B$2:$B$212,$B11) -> 11 | D11: =SUMIFS('Aged SKUs vs PD'!$E$2:$E$212,'Aged SKUs vs PD'!$A$2:$A$212,$A11,'Aged SKUs vs PD'!$B$2:$B$212,$B11) -> 88 | E11: =SUMIFS('Aged SKUs vs PD'!$N$2:$N$212,'Aged SKUs vs PD'!$A$2:$A$212,$A11,'Aged SKUs vs PD'!$B$2:$B$212,$B11) -> 80 | F11: =SUMIFS('Aged SKUs vs PD'!$O$2:$O$212,'Aged SKUs vs PD'!$A$2:$A$212,$A11,'Aged SKUs vs PD'!$B$2:$B$212,$B11) -> 191.11 | G11: =SUMIFS('Aged SKUs vs PD'!$T$2:$T$212,'Aged SKUs vs PD'!$A$2:$A$212,$A11,'Aged SKUs vs PD'!$B$2:$B$212,$B11) -> 27 | H11: =SUMIFS('Aged SKUs vs PD'!$U$2:$U$212,'Aged SKUs vs PD'!$A$2:$A$212,$A11,'Aged SKUs vs PD'!$B$2:$B$212,$B11) -> 68 | I11: =COUNTIFS('Aged SKUs vs PD'!$A$2:$A$212,$A11,'Aged SKUs vs PD'!$B$2:$B$212,$B11,'Aged SKUs vs PD'!$R$2:$R$212,"In PD – deal covers all aged units") -> 2 | J11: =COUNTIFS('Aged SKUs vs PD'!$A$2:$A$212,$A11,'Aged SKUs vs PD'!$B$2:$B$212,$B11,'Aged SKUs vs PD'!$R$2:$R$212,"In PD – deal covers part of the aged units") -> 3 | K11: =COUNTIFS('Aged SKUs vs PD'!$A$2:$A$212,$A11,'Aged SKUs vs PD'!$B$2:$B$212,$B11,'Aged SKUs vs PD'!$R$2:$R$212,"Left out of PD") -> 6 | L11: =COUNTIFS('Aged SKUs vs PD'!$A$2:$A$212,$A11,'Aged SKUs vs PD'!$B$2:$B$212,$B11,'Aged SKUs vs PD'!$R$2:$R$212,"Not in any PD deal sheet") -> 0
A12: CA | B12: Satin Sheets 4 Piece | C12: =COUNTIFS('Aged SKUs vs PD'!$A$2:$A$212,$A12,'Aged SKUs vs PD'!$B$2:$B$212,$B12) -> 21 | D12: =SUMIFS('Aged SKUs vs PD'!$E$2:$E$212,'Aged SKUs vs PD'!$A$2:$A$212,$A12,'Aged SKUs vs PD'!$B$2:$B$212,$B12) -> 117 | E12: =SUMIFS('Aged SKUs vs PD'!$N$2:$N$212,'Aged SKUs vs PD'!$A$2:$A$212,$A12,'Aged SKUs vs PD'!$B$2:$B$212,$B12) -> 77 | F12: =SUMIFS('Aged SKUs vs PD'!$O$2:$O$212,'Aged SKUs vs PD'!$A$2:$A$212,$A12,'Aged SKUs vs PD'!$B$2:$B$212,$B12) -> 116.35 | G12: =SUMIFS('Aged SKUs vs PD'!$T$2:$T$212,'Aged SKUs vs PD'!$A$2:$A$212,$A12,'Aged SKUs vs PD'!$B$2:$B$212,$B12) -> 10 | H12: =SUMIFS('Aged SKUs vs PD'!$U$2:$U$212,'Aged SKUs vs PD'!$A$2:$A$212,$A12,'Aged SKUs vs PD'!$B$2:$B$212,$B12) -> 113 | I12: =COUNTIFS('Aged SKUs vs PD'!$A$2:$A$212,$A12,'Aged SKUs vs PD'!$B$2:$B$212,$B12,'Aged SKUs vs PD'!$R$2:$R$212,"In PD – deal covers all aged units") -> 2 | J12: =COUNTIFS('Aged SKUs vs PD'!$A$2:$A$212,$A12,'Aged SKUs vs PD'!$B$2:$B$212,$B12,'Aged SKUs vs PD'!$R$2:$R$212,"In PD – deal covers part of the aged units") -> 0 | K12: =COUNTIFS('Aged SKUs vs PD'!$A$2:$A$212,$A12,'Aged SKUs vs PD'!$B$2:$B$212,$B12,'Aged SKUs vs PD'!$R$2:$R$212,"Left out of PD") -> 19 | L12: =COUNTIFS('Aged SKUs vs PD'!$A$2:$A$212,$A12,'Aged SKUs vs PD'!$B$2:$B$212,$B12,'Aged SKUs vs PD'!$R$2:$R$212,"Not in any PD deal sheet") -> 0
A13: CA | B13: Satin Sheets 6 Piece | C13: =COUNTIFS('Aged SKUs vs PD'!$A$2:$A$212,$A13,'Aged SKUs vs PD'!$B$2:$B$212,$B13) -> 32 | D13: =SUMIFS('Aged SKUs vs PD'!$E$2:$E$212,'Aged SKUs vs PD'!$A$2:$A$212,$A13,'Aged SKUs vs PD'!$B$2:$B$212,$B13) -> 231 | E13: =SUMIFS('Aged SKUs vs PD'!$N$2:$N$212,'Aged SKUs vs PD'!$A$2:$A$212,$A13,'Aged SKUs vs PD'!$B$2:$B$212,$B13) -> 170 | F13: =SUMIFS('Aged SKUs vs PD'!$O$2:$O$212,'Aged SKUs vs PD'!$A$2:$A$212,$A13,'Aged SKUs vs PD'!$B$2:$B$212,$B13) -> 234.05 | G13: =SUMIFS('Aged SKUs vs PD'!$T$2:$T$212,'Aged SKUs vs PD'!$A$2:$A$212,$A13,'Aged SKUs vs PD'!$B$2:$B$212,$B13) -> 50 | H13: =SUMIFS('Aged SKUs vs PD'!$U$2:$U$212,'Aged SKUs vs PD'!$A$2:$A$212,$A13,'Aged SKUs vs PD'!$B$2:$B$212,$B13) -> 182 | I13: =COUNTIFS('Aged SKUs vs PD'!$A$2:$A$212,$A13,'Aged SKUs vs PD'!$B$2:$B$212,$B13,'Aged SKUs vs PD'!$R$2:$R$212,"In PD – deal covers all aged units") -> 2 | J13: =COUNTIFS('Aged SKUs vs PD'!$A$2:$A$212,$A13,'Aged SKUs vs PD'!$B$2:$B$212,$B13,'Aged SKUs vs PD'!$R$2:$R$212,"In PD – deal covers part of the aged units") -> 8 | K13: =COUNTIFS('Aged SKUs vs PD'!$A$2:$A$212,$A13,'Aged SKUs vs PD'!$B$2:$B$212,$B13,'Aged SKUs vs PD'!$R$2:$R$212,"Left out of PD") -> 22 | L13: =COUNTIFS('Aged SKUs vs PD'!$A$2:$A$212,$A13,'Aged SKUs vs PD'!$B$2:$B$212,$B13,'Aged SKUs vs PD'!$R$2:$R$212,"Not in any PD deal sheet") -> 0
A14: US | B14: Total US | C14: =C5+C6+C7+C8+C9 -> 134 | D14: =D5+D6+D7+D8+D9 -> 8455 | E14: =E5+E6+E7+E8+E9 -> 5115 | F14: =F5+F6+F7+F8+F9 -> 6505.72 | G14: =G5+G6+G7+G8+G9 -> 1185 | H14: =H5+H6+H7+H8+H9 -> 7358 | I14: =I5+I6+I7+I8+I9 -> 10 | J14: =J5+J6+J7+J8+J9 -> 66 | ... L14: =L5+L6+L7+L8+L9 -> 46
A15: CA | B15: Total CA | C15: =C10+C11+C12+C13 -> 77 | D15: =D10+D11+D12+D13 -> 547 | E15: =E10+E11+E12+E13 -> 419 | F15: =F10+F11+F12+F13 -> 767.8 | G15: =G10+G11+G12+G13 -> 148 | H15: =H10+H11+H12+H13 -> 431 | I15: =I10+I11+I12+I13 -> 9 | J15: =J10+J11+J12+J13 -> 15 | ... L15: =L10+L11+L12+L13 -> 0
A18: All products holding 181+ day stock (Ecotero LTSF portfolio, age snapshot 2026-10-03)
A19: Brand | B19: Product | C19: Lifecycle | D19: US aged units | E19: US monthly charge (USD) | F19: CA aged units | G19: CA monthly charge (CAD) | H19: In PD deal sheet?
A20: Decolure | B20: Bamboo Sheets 6 Piece | C20: Re-Launch | D20: 1614 | E20: 2517.2 | F20: 88 | G20: 191.09 | H20: Yes (US + CA)
A21: Sleephoria | B21: Satin Sheets 4 Piece | C21: Maintenance | D21: 2228 | E21: 2340.23 | F21: 86 | G21: 173.77 | H21: No
A22: Decolure | B22: Linen Curtains | C22: Liquidation | D22: 1206 | E22: 1840.55 | F22: 2 | G22: 2.37 | H22: No
A23: Sleephoria | B23: Bamboo Sheets 6 Piece | C23: Re-Launch | D23: 948 | E23: 1751.48 | F23: 0 | G23: 0 | H23: No
A24: Decolure | B24: Satin Sheets 4 Piece | C24: Maintenance | D24: 2919 | E24: 1494.27 | F24: 117 | G24: 116.36 | H24: Yes (US + CA)
A25: Decolure | B25: Satin Sheets 6 Piece | C25: Maintenance | D25: 1062 | E25: 1164.75 | F25: 231 | G25: 234.06 | H25: CA only
A26: Decolure | B26: Satin Fitted Sheet | C26: Maintenance | D26: 1324 | E26: 941.95 | F26: 82 | G26: 52.19 | H26: No
A27: Decolure | B27: Bamboo Sheets 4 Piece | C27: Re-Launch | D27: 897 | E27: 917.88 | F27: 111 | G27: 226.31 | H27: Yes (US + CA)
A28: Decolure | B28: Cooling Sheets 4 Piece | C28: Re-Launch | D28: 584 | E28: 698.08 | F28: 0 | G28: 0 | H28: No
A29: Decolure | B29: Hanging Closet Organizer | C29: Liquidation | D29: 179 | E29: 604.54 | F29: 0 | G29: 0 | H29: No
A30: Decolure | B30: Silk Pillowcase | C30: Re-Launch | D30: 1963 | E30: 411.64 | F30: 0 | G30: 0 | H30: Yes (US)
A31: Sleephoria | B31: Quilt Set | C31: Liquidation | D31: 65 | E31: 285.92 | F31: 0 | G31: 0 | H31: No
... A42: Sleephoria | B42: Cooling Pillowcases | C42: Re-Launch | D42: 4 | E42: 1.21 | F42: 0 | G42: 0 | H42: No
B43: Total | D43: =SUM(D20:D42) -> 16424 | E43: =SUM(E20:E42) -> 16152.78 | F43: =SUM(F20:F42) -> 718 | G43: =SUM(G20:G42) -> 998.49
A44: Blue figures are typed in from the ltsf_portfolio read on 2026-10-06. The Liquidation lifecycle tag marks a product as terminal.

Sheet Aged SKUs vs PD
A1: Market | B1: Product | C1: SKU | D1: ASIN | E1: Aged units 181+ | F1: 181-210d | G1: 211-240d | H1: 241-270d | I1: 271-300d | J1: 301-330d | K1: 331-365d | L1: 366-455d | M1: 456+d | N1: Units 271d+ | O1: Oct-15 aged charge (est., local ccy) | P1: Sales / week | Q1: Months to clear | R1: PD deal status | S1: Deals (sheet: status, units @ price) | T1: PD committed units | U1: Aged units left after PD | V1: Lowest deal price | W1: LTSF floor price | X1: Fulfillable today | Y1: Planner note | Z1: Watch
A2: US | B2: Bamboo Sheets 4 Piece | C2: BAMBOO-FULL-LIGHTOLIVE | D2: B0BZPZPGDC | E2: 105 | F2: 1 | G2: 1 | H2: 0 | I2: 0 | J2: 0 | K2: 60 | L2: 3 | M2: 40 | N2: =SUM(I2:M2) -> 103 | O2: 165.64 | P2: 3.25 | Q2: 7.54 | R2: In PD – deal covers part of the aged units | S2: PED US: include 10u @ 51.99 | T2: 10 | U2: =MAX(E2-T2,0) -> 95 | V2: 51.99 | W2: 26.7 | X2: 105 | Z2: 20+ units at 271d+ (high-rate brackets) still left after PD
A3: US | B3: Bamboo Sheets 4 Piece | C3: BAMBOO-FULL-PURPLE | D3: B0BZPY4PXY | E3: 74 | F3: 0 | G3: 0 | H3: 0 | I3: 0 | J3: 1 | K3: 73 | L3: 0 | M3: 0 | N3: =SUM(I3:M3) -> 74 | O3: 122.28 | P3: 4.25 | Q3: 4.06 | R3: In PD – deal covers part of the aged units | S3: PED US: include 10u @ 51.99 | T3: 10 | U3: =MAX(E3-T3,0) -> 64 | V3: 51.99 | W3: 23.47 | X3: 78 | Z3: 20+ units at 271d+ (high-rate brackets) still left after PD
A4: US | B4: Bamboo Sheets 4 Piece | C4: BAMBOO-TWIN-BURGUNDY-NEW | D4: B0CRHX3LKM | E4: 122 | F4: 1 | G4: 12 | H4: 48 | I4: 0 | J4: 2 | K4: 12 | L4: 47 | M4: 0 | N4: =SUM(I4:M4) -> 61 | O4: 110.33 | P4: 2.25 | Q4: 12.66 | R4: In PD – deal covers part of the aged units | S4: PED US: include 10u @ 43.99 | T4: 10 | U4: =MAX(E4-T4,0) -> 112 | V4: 43.99 | W4: 27.79 | X4: 129 | Z4: 20+ units at 271d+ (high-rate brackets) still left after PD
A5: US | B5: Bamboo Sheets 4 Piece | C5: BAMBOO-CALIFKING-LIGHT PINK | D5: B0CLKD23ZH | E5: 58 | F5: 0 | G5: 0 | H5: 0 | I5: 58 | J5: 0 | K5: 0 | L5: 0 | M5: 0 | N5: =SUM(I5:M5) -> 58 | O5: 90.78 | P5: 0.5 | Q5: 27.1 | R5: In PD – deal covers part of the aged units | S5: PED US: include 10u @ 63.99 | T5: 10 | U5: =MAX(E5-T5,0) -> 48 | V5: 63.99 | W5: 47.47 | X5: 46 | Z5: 20+ units at 271d+ (high-rate brackets) still left after PD
A6: US | B6: Bamboo Sheets 4 Piece | C6: BAMBOO-FULL-SAGE GREEN | D6: B0CLKFLJMZ | E6: 60 | F6: 0 | G6: 1 | H6: 2 | I6: 1 | J6: 2 | K6: 54 | L6: 0 | M6: 0 | N6: =SUM(I6:M6) -> 57 | O6: 85.58 | P6: 7.25 | Q6: 1.93 | R6: In PD – deal covers part of the aged units | S6: PED US: include 10u @ 51.99 | T6: 10 | U6: =MAX(E6-T6,0) -> 50 | V6: 51.99 | W6: 20.91 | X6: 57 | Z6: 20+ units at 271d+ (high-rate brackets) still left after PD
A7: US | B7: Bamboo Sheets 4 Piece | C7: BAMBOO-FULL-OLIVE | D7: B08KQJTP39 | E7: 57 | F7: 0 | G7: 6 | H7: 24 | I7: 0 | J7: 1 | K7: 0 | L7: 26 | M7: 0 | N7: =SUM(I7:M7) -> 27 | O7: 53.32 | P7: 9.5 | Q7: 1.4 | R7: In PD – deal covers part of the aged units | S7: PED US: include 16u @ 51.34 | T7: 16 | U7: =MAX(E7-T7,0) -> 41 | V7: 51.34 | W7: 20.99 | X7: 73 | Z7: 20+ units at 271d+ (high-rate brackets) still left after PD
A8: US | B8: Bamboo Sheets 4 Piece | C8: BAMBOO-TWIN-CREME | D8: B08KQKS54Q | E8: 42 | F8: 0 | G8: 0 | H8: 0 | I8: 0 | J8: 1 | K8: 0 | L8: 41 | M8: 0 | N8: =SUM(I8:M8) -> 42 | O8: 50.27 | P8: 1 | Q8: 9.79 | R8: In PD – deal covers part of the aged units | S8: PED US: include 10u @ 43.99 | T8: 10 | U8: =MAX(E8-T8,0) -> 32 | V8: 43.99 | W8: 24.01 | X8: 44 | Z8: 20+ units at 271d+ (high-rate brackets) still left after PD
A9: US | B9: Bamboo Sheets 4 Piece | C9: BAMBOO-TWIN-MIDGREY | D9: B0BZQ21K22 | E9: 43 | F9: 1 | G9: 0 | H9: 1 | I9: 1 | J9: 1 | K9: 39 | L9: 0 | M9: 0 | N9: =SUM(I9:M9) -> 41 | O9: 48.84 | P9: 1 | Q9: 10.02 | R9: In PD – deal covers part of the aged units | S9: PED US: include 10u @ 43.99 | T9: 10 | U9: =MAX(E9-T9,0) -> 33 | V9: 43.99 | W9: 24.96 | X9: 67 | Z9: 20+ units at 271d+ (high-rate brackets) still left after PD
A10: US | B10: Bamboo Sheets 4 Piece | C10: BAMBOO-QUEEN-OLIVE | D10: B08KQJRSW6 | E10: 32 | F10: 1 | G10: 1 | H10: 3 | I10: 10 | J10: 11 | K10: 6 | L10: 0 | M10: 0 | N10: =SUM(I10:M10) -> 27 | O10: 42.27 | P10: 18.25 | Q10: 0.41 | R10: In PD – deal covers all aged units | S10: PED US: include 36u @ 59.99 | T10: 36 | U10: =MAX(E10-T10,0) -> 0 | V10: 59.99 | W10: 22.38 | X10: 305
A11: US | B11: Bamboo Sheets 4 Piece | C11: BAMBOO-KING-LIGHTBLUE | D11: B08KQL6HKG | E11: 82 | F11: 3 | G11: 3 | H11: 76 | I11: 0 | J11: 0 | K11: 0 | L11: 0 | M11: 0 | N11: =SUM(I11:M11) -> 0 | O11: 31.51 | P11: 18 | Q11: 1.06 | R11: In PD – deal covers part of the aged units | S11: PED US: include 36u @ 63.99 | T11: 36 | U11: =MAX(E11-T11,0) -> 46 | V11: 63.99 | W11: 23.05 | X11: 390
A12: US | B12: Bamboo Sheets 4 Piece | C12: BAMBOO-KING-OLIVE | D12: B08KQLK2HK | E12: 72 | F12: 2 | G12: 44 | H12: 26 | I12: 0 | J12: 0 | K12: 0 | L12: 0 | M12: 0 | N12: =SUM(I12:M12) -> 0 | O12: 27.61 | P12: 15.25 | Q12: 1.1 | R12: In PD – deal covers part of the aged units | S12: PED US: include 30u @ 63.19 | T12: 30 | U12: =MAX(E12-T12,0) -> 42 | V12: 63.19 | W12: 23.27 | X12: 278
A13: US | B13: Bamboo Sheets 4 Piece | C13: BAMBOO-TWIN-LIGHTBLUE | D13: B08KQJGSW2 | E13: 30 | F13: 0 | G13: 0 | H13: 2 | I13: 2 | J13: 1 | K13: 25 | L13: 0 | M13: 0 | N13: =SUM(I13:M13) -> 28 | O13: 27.27 | P13: 3.5 | Q13: 2 | R13: In PD – deal covers part of the aged units | S13: PED US: include 10u @ 43.99 | T13: 10 | U13: =MAX(E13-T13,0) -> 20 | V13: 43.99 | W13: 18.19 | X13: 36 | Z13: 20+ units at 271d+ (high-rate brackets) still left after PD
A14: US | B14: Bamboo Sheets 4 Piece | C14: BAMBOO-TWIN-LIGHTOLIVE | D14: B0BZQ3XM7P | E14: 13 | F14: 0 | G14: 0 | H14: 0 | I14: 0 | J14: 0 | K14: 1 | L14: 0 | M14: 12 | N14: =SUM(I14:M14) -> 13 | O14: 20.2 | P14: 1 | Q14: 3.03 | R14: In PD – deal covers part of the aged units | S14: PED US: include 10u @ 43.99 | T14: 10 | U14: =MAX(E14-T14,0) -> 3 | V14: 43.99 | W14: 20.58 | X14: 17
A15: US | B15: Bamboo Sheets 4 Piece | C15: BAMBOO-TWIN-SAGE GREEN | D15: B0CLKBT95K | E15: 19 | F15: 3 | G15: 0 | H15: 1 | I15: 0 | J15: 0 | K15: 15 | L15: 0 | M15: 0 | N15: =SUM(I15:M15) -> 15 | O15: 18.28 | P15: 3.25 | Q15: 1.36 | R15: Left out of PD | S15: PED US: leave out | T15: 0 | U15: =MAX(E15-T15,0) -> 19 | W15: 18.56 | X15: 24 | Y15: under 10 units after keeping 30 days of cover (24 fulfillable, 0.6/day) | Z15: Left out to keep 30d cover — but this stock is already aged
A16: US | B16: Bamboo Sheets 4 Piece | C16: BAMBOO-TWIN-LIGHTGREY | D16: B08KQK8Z1J | E16: 40 | F16: 0 | G16: 1 | H16: 37 | I16: 2 | J16: 0 | K16: 0 | L16: 0 | M16: 0 | N16: =SUM(I16:M16) -> 2 | O16: 12.29 | P16: 1.75 | Q16: 5.33 | R16: In PD – deal covers part of the aged units | S16: PED US: include 10u @ 43.99 | T16: 10 | U16: =MAX(E16-T16,0) -> 30 | V16: 43.99 | W16: 19.58 | X16: 44
A17: US | B17: Bamboo Sheets 4 Piece | C17: BAMBOO-TWIN-OLIVE | D17: B08KQKKVSX | E17: 48 | F17: 0 | G17: 12 | H17: 36 | I17: 0 | J17: 0 | K17: 0 | L17: 0 | M17: 0 | N17: =SUM(I17:M17) -> 0 | O17: 11.4 | P17: 2.25 | Q17: 4.98 | R17: In PD – deal covers part of the aged units | S17: PED US: include 10u @ 43.99 | T17: 10 | U17: =MAX(E17-T17,0) -> 38 | V17: 43.99 | W17: 18.91 | X17: 48
A18: US | B18: Bamboo Sheets 6 Piece | C18: BAMBOO-FULL-OLIVE-6PCS | D18: B0CQ33ZGQ4 | E18: 255 | F18: 0 | G18: 6 | H18: 0 | I18: 145 | J18: 1 | K18: 12 | L18: 19 | M18: 72 | N18: =SUM(I18:M18) -> 249 | O18: 570.4 | P18: 3 | Q18: 19.83 | R18: In PD – deal covers part of the aged units | S18: PED US: include 10u @ 55.99 | T18: 10 | U18: =MAX(E18-T18,0) -> 245 | V18: 55.99 | W18: 47.5 | X18: 257 | Z18: 20+ units at 271d+ (high-rate brackets) still left after PD
A19: US | B19: Bamboo Sheets 6 Piece | C19: BAMBOO-FULL-CREME-6PCS | D19: B0CQ2ZVD96 | E19: 246 | F19: 3 | G19: 2 | H19: 2 | I19: 206 | J19: 2 | K19: 31 | L19: 0 | M19: 0 | N19: =SUM(I19:M19) -> 239 | O19: 438.87 | P19: 6 | Q19: 9.57 | R19: In PD – deal covers part of the aged units | S19: PED US: include 19u @ 52.49 | T19: 19 | U19: =MAX(E19-T19,0) -> 227 | V19: 52.49 | W19: 30.65 | X19: 262 | Z19: 20+ units at 271d+ (high-rate brackets) still left after PD
A20: US | B20: Bamboo Sheets 6 Piece | C20: BAMBOO-QUEEN-OLIVE-6PCS | D20: B0CQ32B24Y | E20: 263 | F20: 1 | G20: 2 | H20: 3 | I20: 10 | J20: 6 | K20: 189 | L20: 52 | M20: 0 | N20: =SUM(I20:M20) -> 257 | O20: 434.94 | P20: 21.75 | Q20: 2.82 | R20: In PD – deal covers part of the aged units | S20: PED US: include 48u @ 59.99 | T20: 48 | U20: =MAX(E20-T20,0) -> 215 | V20: 59.99 | W20: 25.2 | X20: 475 | Z20: 20+ units at 271d+ (high-rate brackets) still left after PD
A21: US | B21: Bamboo Sheets 6 Piece | C21: BAMBOO-QUEEN-LIGHTOLIVE-6PCS | D21: B0CQ312HKC | E21: 125 | F21: 0 | G21: 0 | H21: 3 | I21: 0 | J21: 0 | K21: 18 | L21: 104 | M21: 0 | N21: =SUM(I21:M21) -> 122 | O21: 266.46 | P21: 3.75 | Q21: 7.78 | R21: In PD – deal covers part of the aged units | S21: PED US: include 10u @ 63.19 | T21: 10 | U21: =MAX(E21-T21,0) -> 115 | V21: 63.19 | W21: 32.5 | X21: 127 | Z21: 20+ units at 271d+ (high-rate brackets) still left after PD
A22: US | B22: Bamboo Sheets 6 Piece | C22: BAMBOO-QUEEN-LIGHTGREY-6PCS | D22: B0CQ33K3TL | E22: 190 | F22: 9 | G22: 6 | H22: 68 | I22: 107 | J22: 0 | K22: 0 | L22: 0 | M22: 0 | N22: =SUM(I22:M22) -> 107 | O22: 204.45 | P22: 14.5 | Q22: 3.06 | R22: In PD – deal covers part of the aged units | S22: PED US: include 31u @ 59.99 | T22: 31 | U22: =MAX(E22-T22,0) -> 159 | V22: 59.99 | W22: 24.24 | X22: 179 | Z22: 20+ units at 271d+ (high-rate brackets) still left after PD
A23: US | B23: Bamboo Sheets 6 Piece | C23: BAMBOO-FULL-LIGHTOLIVE-6PCS | D23: B0CQ2YBSK2 | E23: 74 | F23: 0 | G23: 6 | H23: 0 | I23: 0 | J23: 0 | K23: 18 | L23: 42 | M23: 8 | N23: =SUM(I23:M23) -> 68 | O23: 122.53 | P23: 2 | Q23: 8.63 | R23: In PD – deal covers part of the aged units | S23: PED US: include 10u @ 55.99 | T23: 10 | U23: =MAX(E23-T23,0) -> 64 | V23: 55.99 | W23: 29.27 | X23: 83 | Z23: 20+ units at 271d+ (high-rate brackets) still left after PD
A24: US | B24: Bamboo Sheets 6 Piece | C24: BAMBOO-FULL-SAGE GREEN-6PCS | D24: B0CQ322XC6 | E24: 64 | F24: 6 | G24: 1 | H24: 0 | I24: 57 | J24: 0 | K24: 0 | L24: 0 | M24: 0 | N24: =SUM(I24:M24) -> 57 | O24: 76.33 | P24: 0.25 | Q24: 59.81 | R24: In PD – deal covers part of the aged units | S24: PED US: include 10u @ 59.99 | T24: 10 | U24: =MAX(E24-T24,0) -> 54 | V24: 59.99 | W24: 41.57 | X24: 97 | Z24: 20+ units at 271d+ (high-rate brackets) still left after PD
A25: US | B25: Bamboo Sheets 6 Piece | C25: BAMBOO-FULL-LIGHTBLUE-6PCS | D25: B0CQ32JNVG | E25: 47 | F25: 0 | G25: 2 | H25: 0 | I25: 45 | J25: 0 | K25: 0 | L25: 0 | M25: 0 | N25: =SUM(I25:M25) -> 45 | O25: 72.89 | P25: 1 | Q25: 10.96 | R25: Left out of PD | S25: PED US: leave out | T25: 0 | U25: =MAX(E25-T25,0) -> 47 | W25: 31.32 | X25: 51 | Y25: not in the deal on the board (Amazon: rating below PED minimum) | Z25: 20+ units at 271d+ (high-rate brackets) still left after PD
A26: US | B26: Bamboo Sheets 6 Piece | C26: BAMBOO-KING-PURPLE-6PCS | D26: B0CQ328N9Z | E26: 37 | F26: 3 | G26: 2 | H26: 0 | I26: 32 | J26: 0 | K26: 0 | L26: 0 | M26: 0 | N26: =SUM(I26:M26) -> 32 | O26: 68.46 | P26: 11.25 | Q26: 0.77 | R26: In PD – deal covers part of the aged units | S26: PED US: include 23u @ 67.99 | T26: 23 | U26: =MAX(E26-T26,0) -> 14 | V26: 67.99 | W26: 24.99 | X26: 39 | Y26: top-seller exception: runs to the board projection; 8 days of cover after the event
A27: US | B27: Bamboo Sheets 6 Piece | C27: BAMBOO-KING-LIGHT PINK-6PCS | D27: B0CQ3437ZF | E27: 130 | F27: 0 | G27: 6 | H27: 124 | I27: 0 | J27: 0 | K27: 0 | L27: 0 | M27: 0 | N27: =SUM(I27:M27) -> 0 | O27: 62.92 | P27: 7.5 | Q27: 4.04 | R27: In PD – deal covers part of the aged units | S27: PED US: include 15u @ 67.99 | T27: 15 | U27: =MAX(E27-T27,0) -> 115 | V27: 67.99 | W27: 26.84 | X27: 263
A28: US | B28: Bamboo Sheets 6 Piece | C28: BAMBOO-FULL-LIGHTGREY-6PCS | D28: B0CQ32VM8N | E28: 33 | F28: 0 | G28: 0 | H28: 2 | I28: 1 | J28: 0 | K28: 30 | L28: 0 | M28: 0 | N28: =SUM(I28:M28) -> 31 | O28: 60.36 | P28: 0 | R28: Left out of PD | S28: PED US: leave out | T28: 0 | U28: =MAX(E28-T28,0) -> 33 | X28: 44 | Y28: not in the deal on the board (Amazon: rating below PED minimum) | Z28: 20+ units at 271d+ (high-rate brackets) still left after PD
A29: US | B29: Bamboo Sheets 6 Piece | C29: BAMBOO-QUEEN-SAGE GREEN-6PCS | D29: B0CQ3CDRTN | E29: 43 | F29: 3 | G29: 5 | H29: 11 | I29: 4 | J29: 20 | K29: 0 | L29: 0 | M29: 0 | N29: =SUM(I29:M29) -> 24 | O29: 41.59 | P29: 10.5 | Q29: 0.96 | R29: In PD – deal covers part of the aged units | S29: PED US: include 21u @ 59.99 | T29: 21 | U29: =MAX(E29-T29,0) -> 22 | V29: 59.99 | W29: 23.69 | X29: 119 | Z29: 20+ units at 271d+ (high-rate brackets) still left after PD
A30: US | B30: Bamboo Sheets 6 Piece | C30: BAMBOO-TWIN-LIGHTOLIVE-6PCS | D30: B0CQ2YWCB3 | E30: 31 | F30: 1 | G30: 0 | H30: 0 | I30: 0 | J30: 0 | K30: 1 | L30: 29 | M30: 0 | N30: =SUM(I30:M30) -> 30 | O30: 38.1 | P30: 0.75 | Q30: 9.66 | R30: In PD – deal covers part of the aged units | S30: PED US: include 10u @ 47.99 | T30: 10 | U30: =MAX(E30-T30,0) -> 21 | V30: 47.99 | W30: 25.39 | X30: 35 | Z30: 20+ units at 271d+ (high-rate brackets) still left after PD
A31: US | B31: Bamboo Sheets 6 Piece | C31: BAMBOO-FULL-PURPLE-6PCS | D31: B0CQ31X3X5 | E31: 21 | F31: 0 | G31: 0 | H31: 7 | I31: 1 | J31: 0 | K31: 0 | L31: 13 | M31: 0 | N31: =SUM(I31:M31) -> 14 | O31: 30.09 | P31: 1.75 | Q31: 2.8 | R31: In PD – deal covers part of the aged units | S31: PED US: include 10u @ 55.99 | T31: 10 | U31: =MAX(E31-T31,0) -> 11 | V31: 55.99 | W31: 23.63 | X31: 24
A32: US | B32: Bamboo Sheets 6 Piece | C32: BAMBOO-TWIN-MIDGREY-6PCS | D32: B0CQ31XF3H | E32: 15 | F32: 0 | G32: 1 | H32: 0 | I32: 14 | J32: 0 | K32: 0 | L32: 0 | M32: 0 | N32: =SUM(I32:M32) -> 14 | O32: 14.16 | P32: 1.25 | Q32: 2.8 | R32: In PD – deal covers part of the aged units | S32: PED US: include 10u @ 44.39 | T32: 10 | U32: =MAX(E32-T32,0) -> 5 | V32: 44.39 | W32: 20.37 | X32: 29
A33: US | B33: Bamboo Sheets 6 Piece | C33: BAMBOO-TWIN-SAGE GREEN-6PCS | D33: B0CQ2YZ364 | E33: 34 | F33: 3 | G33: 3 | H33: 28 | I33: 0 | J33: 0 | K33: 0 | L33: 0 | M33: 0 | N33: =SUM(I33:M33) -> 0 | O33: 8.67 | P33: 2.25 | Q33: 3.53 | R33: In PD – deal covers part of the aged units | S33: PED US: include 10u @ 47.99 | T33: 10 | U33: =MAX(E33-T33,0) -> 24 | V33: 47.99 | W33: 19.78 | X33: 52
A34: US | B34: Bamboo Sheets 6 Piece | C34: BAMBOO-TWIN-OLIVE-6PCS | D34: B0CQ2ZVMJJ | E34: 5 | F34: 0 | G34: 0 | H34: 0 | I34: 2 | J34: 0 | K34: 1 | L34: 2 | M34: 0 | N34: =SUM(I34:M34) -> 5 | O34: 5.65 | P34: 3 | Q34: 0.39 | R34: In PD – deal covers all aged units | S34: PED US: include 10u @ 47.99 | T34: 10 | U34: =MAX(E34-T34,0) -> 0 | V34: 47.99 | W34: 18.92 | X34: 33
A35: US | B35: Bamboo Sheets 6 Piece | C35: BAMBOO-TWIN-NAVYBLUE-6PCS | D35: B0CQ31N5Q5 | E35: 1 | F35: 0 | G35: 0 | H35: 1 | I35: 0 | J35: 0 | K35: 0 | L35: 0 | M35: 0 | N35: =SUM(I35:M35) -> 0 | O35: 0.32 | P35: 1.25 | Q35: 0.19 | R35: In PD – deal covers all aged units | S35: PED US: include 10u @ 47.99 | T35: 10 | U35: =MAX(E35-T35,0) -> 0 | V35: 47.99 | W35: 18.91 | X35: 25
A36: US | B36: Satin Sheets 4 Piece | C36: SATIN-QUEEN-GREY | D36: B0839LQK8K | E36: 1100 | F36: 36 | G36: 227 | H36: 837 | I36: 0 | J36: 0 | K36: 0 | L36: 0 | M36: 0 | N36: =SUM(I36:M36) -> 0 | O36: 372.27 | P36: 34 | Q36: 7.55 | R36: In PD – deal covers part of the aged units | S36: PED US: include 18u @ 23.96; S4 LD US: include 23u @ 23.96 | T36: 41 | U36: =MAX(E36-T36,0) -> 1059 | V36: 23.96 | W36: 16.43 | X36: 1107
A37: US | B37: Satin Sheets 4 Piece | C37: SATIN-4PCS-QUEEN-STONE-GREY | D37: B0DD4JMGXN | E37: 499 | F37: 1 | G37: 35 | H37: 452 | I37: 2 | J37: 9 | K37: 0 | L37: 0 | M37: 0 | N37: =SUM(I37:M37) -> 11 | O37: 205.41 | P37: 17.25 | Q37: 6.75 | R37: Left out of PD | S37: PED US: leave out; S4 LD US: leave out | T37: 0 | U37: =MAX(E37-T37,0) -> 499 | W37: 16.52 | X37: 814 | Y37: not in the deal on the board (PED needs 29% off: loses $0.31 a unit after ads)
A38: US | B38: Satin Sheets 4 Piece | C38: SATIN-SEA-TEAL-TWIN | D38: B0BG21MMW9 | E38: 75 | F38: 0 | G38: 1 | H38: 1 | I38: 30 | J38: 0 | K38: 0 | L38: 0 | M38: 43 | N38: =SUM(I38:M38) -> 73 | O38: 99.12 | P38: 2 | Q38: 8.75 | R38: In PD – deal covers part of the aged units | S38: PED US: leave out; S4 LD US: include 10u @ 19.91 | T38: 10 | U38: =MAX(E38-T38,0) -> 65 | V38: 19.91 | W38: 17.31 | X38: 129 | Y38: Oct 5: Amazon needs 37% off, under break-even ($18.00) | Z38: 20+ units at 271d+ (high-rate brackets) still left after PD
A39: US | B39: Satin Sheets 4 Piece | C39: SATIN-4PC-FULL-DARK GREEN | D39: B0CQRX2Z2G | E39: 84 | F39: 0 | G39: 1 | H39: 30 | I39: 19 | J39: 0 | K39: 34 | L39: 0 | M39: 0 | N39: =SUM(I39:M39) -> 53 | O39: 83.48 | P39: 3.25 | Q39: 6.03 | R39: In PD – deal covers part of the aged units | S39: PED US: include 10u @ 23.96; S4 LD US: include 10u @ 23.96 | T39: 20 | U39: =MAX(E39-T39,0) -> 64 | V39: 23.96 | W39: 15.94 | X39: 92 | Z39: 20+ units at 271d+ (high-rate brackets) still left after PD
A40: US | B40: Satin Sheets 4 Piece | C40: SATIN-4PCS-FULL-ROSEWOOD | D40: B0DBQVFTZS | E40: 48 | F40: 0 | G40: 1 | H40: 0 | I40: 2 | J40: 0 | K40: 45 | L40: 0 | M40: 0 | N40: =SUM(I40:M40) -> 47 | O40: 70.79 | P40: 7.5 | Q40: 1.49 | R40: In PD – deal covers part of the aged units | S40: PED US: leave out; S4 LD US: include 10u @ 23.96 | T40: 10 | U40: =MAX(E40-T40,0) -> 38 | V40: 23.96 | W40: 13.44 | X40: 125 | Y40: loses $0.17 a unit after ads (not a top seller) | Z40: 20+ units at 271d+ (high-rate brackets) still left after PD
A41: US | B41: Satin Sheets 4 Piece | C41: SATIN-TAUPE-FULL | D41: B0BZPV4LYC | E41: 53 | F41: 0 | G41: 0 | H41: 0 | I41: 3 | J41: 6 | K41: 44 | L41: 0 | M41: 0 | N41: =SUM(I41:M41) -> 53 | O41: 61.22 | P41: 1.5 | Q41: 8.24 | R41: In PD – deal covers part of the aged units | S41: PED US: include 10u @ 21.86; S4 LD US: leave out | T41: 10 | U41: =MAX(E41-T41,0) -> 43 | V41: 21.86 | W41: 16.87 | X41: 46 | Y41: loses $0.54 a unit after ads (not a top seller) | Z41: 20+ units at 271d+ (high-rate brackets) still left after PD
A42: US | B42: Satin Sheets 4 Piece | C42: SATIN-STRIPE-FULL-GOLD | D42: B09G6LCV5J | E42: 36 | F42: 0 | G42: 0 | H42: 0 | I42: 1 | J42: 0 | K42: 0 | L42: 35 | M42: 0 | N42: =SUM(I42:M42) -> 36 | O42: 43.83 | P42: 1 | Q42: 8.39 | R42: In PD – deal covers part of the aged units | S42: PED US: include 10u @ 23.96; S4 LD US: include 10u @ 23.96 | T42: 20 | U42: =MAX(E42-T42,0) -> 16 | V42: 23.96 | W42: 16.8 | X42: 39
A43: US | B43: Satin Sheets 4 Piece | C43: SATIN-3PC-TWIN-DARK GREEN | D43: B0CQRY5N4Q | E43: 35 | F43: 1 | G43: 0 | H43: 0 | I43: 0 | J43: 0 | K43: 12 | L43: 22 | M43: 0 | N43: =SUM(I43:M43) -> 34 | O43: 41.81 | P43: 2 | Q43: 4.08 | R43: In PD – deal covers part of the aged units | S43: PED US: include 10u @ 22.36; S4 LD US: include 10u @ 22.36 | T43: 20 | U43: =MAX(E43-T43,0) -> 15 | V43: 22.36 | W43: 13.7 | X43: 36
A44: US | B44: Satin Sheets 4 Piece | C44: SATIN-IVORY-FULL | D44: B0BG22CYFP | E44: 83 | F44: 0 | G44: 1 | H44: 61 | I44: 1 | J44: 0 | K44: 20 | L44: 0 | M44: 0 | N44: =SUM(I44:M44) -> 21 | O44: 38.33 | P44: 7 | Q44: 2.77 | R44: In PD – deal covers part of the aged units | S44: PED US: include 10u @ 23.96; S4 LD US: include 10u @ 23.96 | T44: 20 | U44: =MAX(E44-T44,0) -> 63 | V44: 23.96 | W44: 12.79 | X44: 88 | Z44: 20+ units at 271d+ (high-rate brackets) still left after PD
A45: US | B45: Satin Sheets 4 Piece | C45: SATIN-TWIN-GREY | D45: B0839M8LP5 | E45: 40 | F45: 0 | G45: 2 | H45: 3 | I45: 35 | J45: 0 | K45: 0 | L45: 0 | M45: 0 | N45: =SUM(I45:M45) -> 35 | O45: 35.96 | P45: 4.5 | Q45: 2.07 | R45: In PD – deal covers part of the aged units | S45: PED US: include 10u @ 19.84; S4 LD US: include 10u @ 19.91 | T45: 20 | U45: =MAX(E45-T45,0) -> 20 | V45: 19.84 | W45: 11.96 | X45: 93 | Z45: 20+ units at 271d+ (high-rate brackets) still left after PD
A46: US | B46: Satin Sheets 4 Piece | C46: SATIN-4PC-KING-GREY | D46: B0CV4D38W9 | E46: 71 | F46: 11 | G46: 3 | H46: 57 | I46: 0 | J46: 0 | K46: 0 | L46: 0 | M46: 0 | N46: =SUM(I46:M46) -> 0 | O46: 34.05 | P46: 27 | Q46: 0.61 | R46: In PD – deal covers part of the aged units | S46: PED US: include 17u @ 27.16; S4 LD US: include 22u @ 27.16 | T46: 39 | U46: =MAX(E46-T46,0) -> 32 | V46: 27.16 | W46: 13.5 | X46: 1046
A47: US | B47: Satin Sheets 4 Piece | C47: SATIN-3PC-TWIN-BURNT ORANGE | D47: B0CQRXC2YT | E47: 25 | F47: 0 | G47: 0 | H47: 0 | I47: 0 | J47: 3 | K47: 22 | L47: 0 | M47: 0 | N47: =SUM(I47:M47) -> 25 | O47: 28.75 | P47: 1 | Q47: 5.83 | R47: In PD – deal covers part of the aged units | S47: PED US: include 10u @ 22.36; S4 LD US: include 10u @ 22.36 | T47: 20 | U47: =MAX(E47-T47,0) -> 5 | V47: 22.36 | W47: 15.25 | X47: 30
A48: US | B48: Satin Sheets 4 Piece | C48: SATIN-STRIPE-FULL-PURPLE | D48: B09G6K4PXD | E48: 32 | F48: 0 | G48: 1 | H48: 1 | I48: 30 | J48: 0 | K48: 0 | L48: 0 | M48: 0 | N48: =SUM(I48:M48) -> 30 | O48: 28.72 | P48: 3.25 | Q48: 2.3 | R48: In PD – deal covers part of the aged units | S48: PED US: include 10u @ 23.96; S4 LD US: include 10u @ 23.96 | T48: 20 | U48: =MAX(E48-T48,0) -> 12 | V48: 23.96 | W48: 12.36 | X48: 32
A49: US | B49: Satin Sheets 4 Piece | C49: SATIN-FULL-GREY | D49: B0839LMS13 | E49: 141 | F49: 14 | G49: 103 | H49: 24 | I49: 0 | J49: 0 | K49: 0 | L49: 0 | M49: 0 | N49: =SUM(I49:M49) -> 0 | O49: 27.71 | P49: 11.25 | Q49: 2.92 | R49: In PD – deal covers part of the aged units | S49: PED US: include 10u @ 23.96; S4 LD US: include 10u @ 23.96 | T49: 20 | U49: =MAX(E49-T49,0) -> 121 | V49: 23.96 | W49: 11.75 | X49: 282
A50: US | B50: Satin Sheets 4 Piece | C50: SATIN-STRIPE-TWIN-BLACK | D50: B09G6H23C3 | E50: 25 | F50: 0 | G50: 0 | H50: 0 | I50: 0 | J50: 25 | K50: 0 | L50: 0 | M50: 0 | N50: =SUM(I50:M50) -> 25 | O50: 22.84 | P50: 1.5 | Q50: 3.89 | R50: In PD – deal covers part of the aged units | S50: PED US: leave out; S4 LD US: include 10u @ 22.36 | T50: 10 | U50: =MAX(E50-T50,0) -> 15 | V50: 22.36 | W50: 12.57 | X50: 18 | Y50: under 10 units after keeping 30 days of cover (18 fulfillable, 0.2/day)
A51: US | B51: Satin Sheets 4 Piece | C51: SATIN-CHAMPAGNE-TWIN | D51: B0BZPVY39R | E51: 19 | F51: 0 | G51: 0 | H51: 0 | I51: 0 | J51: 0 | K51: 0 | L51: 19 | M51: 0 | N51: =SUM(I51:M51) -> 19 | O51: 22.46 | P51: 2 | Q51: 2.22 | R51: In PD – deal covers part of the aged units | S51: PED US: leave out; S4 LD US: include 10u @ 22.36 | T51: 10 | U51: =MAX(E51-T51,0) -> 9 | V51: 22.36 | W51: 12.07 | X51: 21 | Y51: under 10 units after keeping 30 days of cover (21 fulfillable, 0.1/day)
A52: US | B52: Satin Sheets 4 Piece | C52: SATIN-STRIPE-TWIN-RED | D52: B09G6M7WJ3 | E52: 31 | F52: 1 | G52: 1 | H52: 2 | I52: 27 | J52: 0 | K52: 0 | L52: 0 | M52: 0 | N52: =SUM(I52:M52) -> 27 | O52: 21.25 | P52: 0.5 | Q52: 14.49 | R52: In PD – deal covers part of the aged units | S52: PED US: include 10u @ 22.36; S4 LD US: include 10u @ 22.36 | T52: 20 | U52: =MAX(E52-T52,0) -> 11 | V52: 22.36 | W52: 17.32 | X52: 31
A53: US | B53: Satin Sheets 4 Piece | C53: SATIN-TAUPE-TWIN | D53: B0BZPVYJK4 | E53: 19 | F53: 0 | G53: 0 | H53: 0 | I53: 0 | J53: 0 | K53: 0 | L53: 19 | M53: 0 | N53: =SUM(I53:M53) -> 19 | O53: 19.86 | P53: 0.5 | Q53: 8.88 | R53: Left out of PD | S53: PED US: leave out; S4 LD US: leave out | T53: 0 | U53: =MAX(E53-T53,0) -> 19 | W53: 15.89 | X53: 14 | Y53: under 10 units after keeping 30 days of cover (14 fulfillable, 0.1/day) | Z53: Left out to keep 30d cover — but this stock is already aged
A54: US | B54: Satin Sheets 4 Piece | C54: SATIN-IVORY-TWIN | D54: B0BG25XZHJ | E54: 44 | F54: 0 | G54: 0 | H54: 36 | I54: 1 | J54: 0 | K54: 7 | L54: 0 | M54: 0 | N54: =SUM(I54:M54) -> 8 | O54: 19.2 | P54: 1 | Q54: 10.26 | R54: In PD – deal covers part of the aged units | S54: PED US: include 10u @ 22.36; S4 LD US: include 10u @ 22.36 | T54: 20 | U54: =MAX(E54-T54,0) -> 24 | V54: 22.36 | W54: 16.79 | X54: 56
A55: US | B55: Satin Sheets 4 Piece | C55: SATIN-4PC-TWIN-DARK GREEN | D55: B0D9QRPTXQ | E55: 19 | F55: 0 | G55: 0 | H55: 0 | I55: 6 | J55: 8 | K55: 0 | L55: 0 | M55: 5 | N55: =SUM(I55:M55) -> 19 | O55: 19.11 | P55: 0.5 | Q55: 8.88 | R55: In PD – deal covers all aged units | S55: PED US: include 10u @ 22.36; S4 LD US: include 10u @ 22.36 | T55: 20 | U55: =MAX(E55-T55,0) -> 0 | V55: 22.36 | W55: 16.7 | X55: 20
A56: US | B56: Satin Sheets 4 Piece | C56: SATIN-4PC-TWIN-BURNT ORANGE | D56: B0D9QSQ8W7 | E56: 31 | F56: 6 | G56: 0 | H56: 0 | I56: 0 | J56: 0 | K56: 0 | L56: 25 | M56: 0 | N56: =SUM(I56:M56) -> 25 | O56: 18.02 | P56: 0 | R56: In PD – deal covers part of the aged units | S56: PED US: include 10u @ 22.36; S4 LD US: include 10u @ 22.36 | T56: 20 | U56: =MAX(E56-T56,0) -> 11 | V56: 22.36 | X56: 31
A57: US | B57: Satin Sheets 4 Piece | C57: SATIN-ROSEWOOD-TWIN | D57: B0BG22FCVJ | E57: 20 | F57: 0 | G57: 0 | H57: 0 | I57: 20 | J57: 0 | K57: 0 | L57: 0 | M57: 0 | N57: =SUM(I57:M57) -> 20 | O57: 17.96 | P57: 4.25 | Q57: 1.1 | R57: Left out of PD | S57: PED US: leave out; S4 LD US: leave out | T57: 0 | U57: =MAX(E57-T57,0) -> 20 | W57: 11.25 | X57: 26 | Y57: under 10 units after keeping 30 days of cover (26 fulfillable, 0.6/day) | Z57: Left out to keep 30d cover — but this stock is already aged; 20+ units at 271d+ (high-rate brackets) still left after PD
A58: US | B58: Satin Sheets 4 Piece | C58: SATIN-3PC-TWIN-SAGE GREEN | D58: B0CQRYL8Z4 | E58: 64 | F58: 0 | G58: 0 | H58: 64 | I58: 0 | J58: 0 | K58: 0 | L58: 0 | M58: 0 | N58: =SUM(I58:M58) -> 0 | O58: 17.78 | P58: 1.75 | Q58: 8.53 | R58: In PD – deal covers part of the aged units | S58: PED US: include 10u @ 21.8; S4 LD US: include 10u @ 20.76 | T58: 20 | U58: =MAX(E58-T58,0) -> 44 | V58: 20.76 | W58: 14.71 | X58: 70
A59: US | B59: Satin Sheets 4 Piece | C59: SATIN-STONEGREY-TWIN | D59: B0BG21NBG9 | E59: 45 | F59: 0 | G59: 24 | H59: 6 | I59: 0 | J59: 0 | K59: 15 | L59: 0 | M59: 0 | N59: =SUM(I59:M59) -> 15 | O59: 17.53 | P59: 3.25 | Q59: 3.23 | R59: In PD – deal covers part of the aged units | S59: PED US: include 10u @ 22.36; S4 LD US: include 10u @ 22.36 | T59: 20 | U59: =MAX(E59-T59,0) -> 25 | V59: 22.36 | W59: 11.46 | X59: 107
A60: US | B60: Satin Sheets 4 Piece | C60: SATIN-RED-TWIN | D60: B08KR7V6TL | E60: 24 | F60: 0 | G60: 0 | H60: 12 | I60: 12 | J60: 0 | K60: 0 | L60: 0 | M60: 0 | N60: =SUM(I60:M60) -> 12 | O60: 15.6 | P60: 1.5 | Q60: 3.73 | R60: In PD – deal covers part of the aged units | S60: PED US: leave out; S4 LD US: include 10u @ 22.36 | T60: 10 | U60: =MAX(E60-T60,0) -> 14 | V60: 22.36 | W60: 12.87 | X60: 23 | Y60: under 10 units after keeping 30 days of cover (23 fulfillable, 0.1/day)
A61: US | B61: Satin Sheets 4 Piece | C61: SATIN-STRIPE-TWIN-PURPLE | D61: B09G6JWVWD | E61: 16 | F61: 0 | G61: 0 | H61: 0 | I61: 16 | J61: 0 | K61: 0 | L61: 0 | M61: 0 | N61: =SUM(I61:M61) -> 16 | O61: 13.72 | P61: 0.75 | Q61: 4.98 | R61: In PD – deal covers part of the aged units | S61: PED US: leave out; S4 LD US: include 10u @ 22.36 | T61: 10 | U61: =MAX(E61-T61,0) -> 6 | V61: 22.36 | W61: 12.87 | X61: 13 | Y61: under 10 units after keeping 30 days of cover (13 fulfillable, 0.1/day)
A62: US | B62: Satin Sheets 4 Piece | C62: SATIN-4PC-TWIN-NAVY BLUE | D62: B0D9QSYXL8 | E62: 10 | F62: 0 | G62: 0 | H62: 1 | I62: 0 | J62: 0 | K62: 9 | L62: 0 | M62: 0 | N62: =SUM(I62:M62) -> 9 | O62: 13.71 | P62: 0.25 | Q62: 9.35 | R62: Left out of PD | S62: PED US: leave out; S4 LD US: leave out | T62: 0 | U62: =MAX(E62-T62,0) -> 10 | W62: 19.83 | X62: 9 | Y62: not in the deal on the board (under 10 units)
A63: US | B63: Satin Sheets 4 Piece | C63: SATIN-STRIPE-TWIN-BLUE | D63: B09G6L5Z5K | E63: 11 | F63: 0 | G63: 0 | H63: 0 | I63: 0 | J63: 0 | K63: 0 | L63: 11 | M63: 0 | N63: =SUM(I63:M63) -> 11 | O63: 12.33 | P63: 0.25 | Q63: 10.28 | R63: In PD – deal covers part of the aged units | S63: PED US: leave out; S4 LD US: include 10u @ 21.36 | T63: 10 | U63: =MAX(E63-T63,0) -> 1 | V63: 21.36 | W63: 17.03 | X63: 14 | Y63: under 10 units after keeping 30 days of cover (14 fulfillable, 0.0/day)
A64: US | B64: Satin Sheets 4 Piece | C64: SATIN-STRIPE-TWIN-WHITE | D64: B09G6JK5ZL | E64: 8 | F64: 0 | G64: 0 | H64: 0 | I64: 0 | J64: 1 | K64: 0 | L64: 0 | M64: 7 | N64: =SUM(I64:M64) -> 8 | O64: 11.02 | P64: 0.5 | Q64: 3.74 | R64: In PD – deal covers all aged units | S64: PED US: leave out; S4 LD US: include 10u @ 22.36 | T64: 10 | U64: =MAX(E64-T64,0) -> 0 | V64: 22.36 | W64: 13.43 | X64: 11 | Y64: under 10 units after keeping 30 days of cover (11 fulfillable, 0.0/day)
A65: US | B65: Satin Sheets 4 Piece | C65: SATIN-4PC-TWIN-BLUSH PINK | D65: B0D9QQ99HB | E65: 53 | F65: 0 | G65: 36 | H65: 17 | I65: 0 | J65: 0 | K65: 0 | L65: 0 | M65: 0 | N65: =SUM(I65:M65) -> 0 | O65: 10.15 | P65: 0.75 | Q65: 16.51 | R65: In PD – deal covers part of the aged units | S65: PED US: include 10u @ 29.56; S4 LD US: include 10u @ 22.36 | T65: 20 | U65: =MAX(E65-T65,0) -> 33 | V65: 22.36 | W65: 18.8 | X65: 66
A66: US | B66: Satin Sheets 4 Piece | C66: SATIN-STRIPE-TWIN-GOLD | D66: B09G6K2WSF | E66: 7 | F66: 0 | G66: 0 | H66: 0 | I66: 0 | J66: 0 | K66: 0 | L66: 1 | M66: 6 | N66: =SUM(I66:M66) -> 7 | O66: 9.14 | P66: 1.5 | Q66: 1.09 | R66: Left out of PD | S66: PED US: leave out; S4 LD US: leave out | T66: 0 | U66: =MAX(E66-T66,0) -> 7 | W66: 11.48 | X66: 7 | Y66: not in the deal on the board (under 10 units)
A67: US | B67: Satin Sheets 4 Piece | C67: SATIN-CHAMPAGNE-FULL | D67: B0BZPYNXPB | E67: 10 | F67: 0 | G67: 1 | H67: 1 | I67: 6 | J67: 0 | K67: 1 | L67: 1 | M67: 0 | N67: =SUM(I67:M67) -> 8 | O67: 9.11 | P67: 3.5 | Q67: 0.67 | R67: In PD – deal covers all aged units | S67: PED US: include 10u @ 23.96; S4 LD US: include 10u @ 23.96 | T67: 20 | U67: =MAX(E67-T67,0) -> 0 | V67: 23.96 | W67: 11.77 | X67: 88
A68: US | B68: Satin Sheets 4 Piece | C68: SATIN-STONEGREY-FULL | D68: B0BG23H2QY | E68: 56 | F68: 7 | G68: 49 | H68: 0 | I68: 0 | J68: 0 | K68: 0 | L68: 0 | M68: 0 | N68: =SUM(I68:M68) -> 0 | O68: 9.11 | P68: 9.25 | Q68: 1.41 | R68: In PD – deal covers part of the aged units | S68: PED US: leave out; S4 LD US: include 10u @ 23.96 | T68: 10 | U68: =MAX(E68-T68,0) -> 46 | V68: 23.96 | W68: 11.97 | X68: 57 | Y68: under 10 units after keeping 30 days of cover (57 fulfillable, 1.4/day)
A69: US | B69: Satin Sheets 4 Piece | C69: SATIN-3PC-TWIN-NAVY BLUE | D69: B0CQRZ6KRR | E69: 24 | F69: 0 | G69: 2 | H69: 22 | I69: 0 | J69: 0 | K69: 0 | L69: 0 | M69: 0 | N69: =SUM(I69:M69) -> 0 | O69: 6.49 | P69: 3.25 | Q69: 1.72 | R69: In PD – deal covers part of the aged units | S69: PED US: leave out; S4 LD US: include 10u @ 22.36 | T69: 10 | U69: =MAX(E69-T69,0) -> 14 | V69: 22.36 | W69: 11.17 | X69: 27 | Y69: under 10 units after keeping 30 days of cover (27 fulfillable, 0.4/day)
A70: US | B70: Satin Sheets 4 Piece | C70: SATIN-TWIN-BLUE | D70: B0839KG4VY | E70: 23 | F70: 1 | G70: 18 | H70: 4 | I70: 0 | J70: 0 | K70: 0 | L70: 0 | M70: 0 | N70: =SUM(I70:M70) -> 0 | O70: 4.88 | P70: 4 | Q70: 1.34 | R70: In PD – deal covers part of the aged units | S70: PED US: leave out; S4 LD US: include 10u @ 22.36 | T70: 10 | U70: =MAX(E70-T70,0) -> 13 | V70: 22.36 | W70: 11.06 | X70: 25 | Y70: under 10 units after keeping 30 days of cover (25 fulfillable, 0.3/day)
A71: US | B71: Satin Sheets 4 Piece | C71: SATIN-4PC-TWIN-LAVENDER | D71: B0D9QTXKQ8 | E71: 4 | F71: 0 | G71: 0 | H71: 0 | I71: 0 | J71: 0 | K71: 1 | L71: 3 | M71: 0 | N71: =SUM(I71:M71) -> 4 | O71: 4.1 | P71: 1.25 | Q71: 0.75 | R71: In PD – deal covers all aged units | S71: PED US: include 10u @ 22.36; S4 LD US: include 10u @ 22.36 | T71: 20 | U71: =MAX(E71-T71,0) -> 0 | V71: 22.36 | W71: 11.16 | X71: 41
A72: US | B72: Satin Sheets 4 Piece | C72: SATIN-STRIPE-FULL-WHITE | D72: B09G6KKB4S | E72: 19 | F72: 0 | G72: 19 | H72: 0 | I72: 0 | J72: 0 | K72: 0 | L72: 0 | M72: 0 | N72: =SUM(I72:M72) -> 0 | O72: 2.93 | P72: 2.5 | Q72: 1.77 | R72: Left out of PD | S72: PED US: leave out; S4 LD US: leave out | T72: 0 | U72: =MAX(E72-T72,0) -> 19 | W72: 11.41 | X72: 20 | Y72: under 10 units after keeping 30 days of cover (20 fulfillable, 0.4/day) | Z72: Left out to keep 30d cover — but this stock is already aged
A73: US | B73: Satin Sheets 4 Piece | C73: SATIN-STRIPE-FULL-GRAY | D73: B09G6J1HVY | E73: 2 | F73: 0 | G73: 0 | H73: 0 | I73: 0 | J73: 0 | K73: 0 | L73: 2 | M73: 0 | N73: =SUM(I73:M73) -> 2 | O73: 2.41 | P73: 2.5 | Q73: 0.19 | R73: In PD – deal covers all aged units | S73: PED US: leave out; S4 LD US: include 10u @ 23.96 | T73: 10 | U73: =MAX(E73-T73,0) -> 0 | V73: 23.96 | W73: 11.38 | X73: 31 | Y73: under 10 units after keeping 30 days of cover (31 fulfillable, 0.4/day)
A74: US | B74: Satin Sheets 4 Piece | C74: SATIN-STRIPE-TWIN-PINK | D74: B09G6KRX7T | E74: 4 | F74: 0 | G74: 0 | H74: 4 | I74: 0 | J74: 0 | K74: 0 | L74: 0 | M74: 0 | N74: =SUM(I74:M74) -> 0 | O74: 0.83 | P74: 1 | Q74: 0.93 | R74: In PD – deal covers all aged units | S74: PED US: include 10u @ 22.36; S4 LD US: include 10u @ 22.36 | T74: 20 | U74: =MAX(E74-T74,0) -> 0 | V74: 22.36 | W74: 10.76 | X74: 28
A75: US | B75: Satin Sheets 4 Piece | C75: SATIN-CHAMPAGNE-KING | D75: B0BZPXJH4Q | E75: 5 | F75: 5 | G75: 0 | H75: 0 | I75: 0 | J75: 0 | K75: 0 | L75: 0 | M75: 0 | N75: =SUM(I75:M75) -> 0 | O75: 0.63 | P75: 0.5 | Q75: 2.34 | R75: Left out of PD | S75: PED US: leave out; S4 LD US: leave out | T75: 0 | U75: =MAX(E75-T75,0) -> 5 | W75: 16.67 | X75: 16 | Y75: not in the deal on the board (PED needs 40% off: no sales, 16 units, not worth the price signal)
A76: US | B76: Satin Sheets 4 Piece | C76: SATIN-GOLD-TWIN | D76: B08KR9THFG | E76: 3 | F76: 0 | G76: 3 | H76: 0 | I76: 0 | J76: 0 | K76: 0 | L76: 0 | M76: 0 | N76: =SUM(I76:M76) -> 0 | O76: 0.52 | P76: 1.25 | Q76: 0.56 | R76: In PD – deal covers all aged units | S76: PED US: include 10u @ 22.36; S4 LD US: include 10u @ 22.36 | T76: 20 | U76: =MAX(E76-T76,0) -> 0 | V76: 22.36 | W76: 10.81 | X76: 35
A77: US | B77: Satin Sheets 4 Piece | C77: SATIN-4PC-TWIN-SAGE GREEN | D77: B0D9QRVYMT | E77: 1 | F77: 1 | G77: 0 | H77: 0 | I77: 0 | J77: 0 | K77: 0 | L77: 0 | M77: 0 | N77: =SUM(I77:M77) -> 0 | O77: 0.12 | P77: 0.5 | Q77: 0.47 | R77: Left out of PD | S77: PED US: leave out; S4 LD US: leave out | T77: 0 | U77: =MAX(E77-T77,0) -> 1 | W77: 11.85 | X77: 0 | Y77: not in the deal on the board (under 10 units)
A78: US | B78: Satin Sheets 6 Piece | C78: SATIN-IVORY-KING-6PCS | D78: B0C7FFMKP8 | E78: 77 | F78: 0 | G78: 4 | H78: 0 | I78: 1 | J78: 0 | K78: 2 | L78: 70 | M78: 0 | N78: =SUM(I78:M78) -> 73 | O78: 132.32 | P78: 2.25 | Q78: 7.99 | R78: Not in any PD deal sheet | S78: — | T78: 0 | U78: =MAX(E78-T78,0) -> 77 | W78: 21.07 | Z78: Product has no PD deal in this market; 20+ units at 271d+ (high-rate brackets) still left after PD
A79: US | B79: Satin Sheets 6 Piece | C79: SATIN-STRIPE-FULL-GOLD--6-PCS | D79: B0C7KGFHT7 | E79: 72 | F79: 1 | G79: 0 | H79: 0 | I79: 24 | J79: 0 | K79: 0 | L79: 42 | M79: 5 | N79: =SUM(I79:M79) -> 71 | O79: 126.16 | P79: 0.75 | Q79: 22.43 | R79: Not in any PD deal sheet | S79: — | T79: 0 | U79: =MAX(E79-T79,0) -> 72 | W79: 36 | Z79: Product has no PD deal in this market; 20+ units at 271d+ (high-rate brackets) still left after PD
A80: US | B80: Satin Sheets 6 Piece | C80: SATIN-STRIPE-QUEEN-BLUE--6-PCS | D80: B0C7KJMDNG | E80: 72 | F80: 0 | G80: 0 | H80: 0 | I80: 55 | J80: 17 | K80: 0 | L80: 0 | M80: 0 | N80: =SUM(I80:M80) -> 72 | O80: 92.3 | P80: 2.25 | Q80: 7.47 | R80: Not in any PD deal sheet | S80: — | T80: 0 | U80: =MAX(E80-T80,0) -> 72 | W80: 17.88 | Z80: Product has no PD deal in this market; 20+ units at 271d+ (high-rate brackets) still left after PD
A81: US | B81: Satin Sheets 6 Piece | C81: SATIN-6PC-FULL-DARK GREEN | D81: B0D9QR4PS8 | E81: 36 | F81: 0 | G81: 0 | H81: 1 | I81: 0 | J81: 6 | K81: 29 | L81: 0 | M81: 0 | N81: =SUM(I81:M81) -> 35 | O81: 63.92 | P81: 0.75 | Q81: 11.21 | R81: Not in any PD deal sheet | S81: — | T81: 0 | U81: =MAX(E81-T81,0) -> 36 | W81: 24.56 | Z81: Product has no PD deal in this market; 20+ units at 271d+ (high-rate brackets) still left after PD
A82: US | B82: Satin Sheets 6 Piece | C82: SATIN-6PC-QUEEN-BLUSH PINK | D82: B0D9QR66X1 | E82: 45 | F82: 0 | G82: 1 | H82: 1 | I82: 0 | J82: 0 | K82: 32 | L82: 11 | M82: 0 | N82: =SUM(I82:M82) -> 43 | O82: 62.1 | P82: 1.25 | Q82: 8.4 | R82: Not in any PD deal sheet | S82: — | T82: 0 | U82: =MAX(E82-T82,0) -> 45 | W82: 19.46 | Z82: Product has no PD deal in this market; 20+ units at 271d+ (high-rate brackets) still left after PD
A83: US | B83: Satin Sheets 6 Piece | C83: SATIN-STRIPE-QUEEN-RED--6-PCS | D83: B0C7KBHV72 | E83: 46 | F83: 1 | G83: 1 | H83: 0 | I83: 44 | J83: 0 | K83: 0 | L83: 0 | M83: 0 | N83: =SUM(I83:M83) -> 44 | O83: 52.24 | P83: 1.75 | Q83: 6.13 | R83: Not in any PD deal sheet | S83: — | T83: 0 | U83: =MAX(E83-T83,0) -> 46 | W83: 16.52 | Z83: Product has no PD deal in this market; 20+ units at 271d+ (high-rate brackets) still left after PD
A84: US | B84: Satin Sheets 6 Piece | C84: SATIN-STRIPE-QUEEN-WHITE--6-PCS | D84: B0C7JQ8266 | E84: 34 | F84: 0 | G84: 1 | H84: 0 | I84: 0 | J84: 0 | K84: 0 | L84: 33 | M84: 0 | N84: =SUM(I84:M84) -> 33 | O84: 47.71 | P84: 1 | Q84: 7.93 | R84: Not in any PD deal sheet | S84: — | T84: 0 | U84: =MAX(E84-T84,0) -> 34 | W84: 18.84 | Z84: Product has no PD deal in this market; 20+ units at 271d+ (high-rate brackets) still left after PD
A85: US | B85: Satin Sheets 6 Piece | C85: SATIN-TAUPE-FULL-6PCS | D85: B0C7FHXP11 | E85: 23 | F85: 1 | G85: 0 | H85: 0 | I85: 0 | J85: 0 | K85: 0 | L85: 0 | M85: 22 | N85: =SUM(I85:M85) -> 22 | O85: 44.19 | P85: 0 | R85: Not in any PD deal sheet | S85: — | T85: 0 | U85: =MAX(E85-T85,0) -> 23 | Z85: Product has no PD deal in this market; 20+ units at 271d+ (high-rate brackets) still left after PD
A86: US | B86: Satin Sheets 6 Piece | C86: SATIN-STONEGREY-QUEEN-6PCS | D86: B0C7FTB8MQ | E86: 101 | F86: 7 | G86: 1 | H86: 3 | I86: 1 | J86: 2 | K86: 3 | L86: 84 | M86: 0 | N86: =SUM(I86:M86) -> 90 | O86: 40.19 | P86: 4.25 | Q86: 5.55 | R86: Not in any PD deal sheet | S86: — | T86: 0 | U86: =MAX(E86-T86,0) -> 101 | W86: 14.04 | Z86: Product has no PD deal in this market; 20+ units at 271d+ (high-rate brackets) still left after PD
A87: US | B87: Satin Sheets 6 Piece | C87: SATIN-6PC-FULL-WHITE | D87: B0D9R9B1VT | E87: 32 | F87: 0 | G87: 1 | H87: 0 | I87: 31 | J87: 0 | K87: 0 | L87: 0 | M87: 0 | N87: =SUM(I87:M87) -> 31 | O87: 35.43 | P87: 2 | Q87: 3.73 | R87: Not in any PD deal sheet | S87: — | T87: 0 | U87: =MAX(E87-T87,0) -> 32 | W87: 14.81 | Z87: Product has no PD deal in this market; 20+ units at 271d+ (high-rate brackets) still left after PD
A88: US | B88: Satin Sheets 6 Piece | C88: SATIN-6PC-FULL-BLUSH PINK | D88: B0D9QT3LWG | E88: 25 | F88: 0 | G88: 0 | H88: 7 | I88: 1 | J88: 6 | K88: 11 | L88: 0 | M88: 0 | N88: =SUM(I88:M88) -> 18 | O88: 32.69 | P88: 0.75 | Q88: 7.79 | R88: Not in any PD deal sheet | S88: — | T88: 0 | U88: =MAX(E88-T88,0) -> 25 | W88: 19.5 | Z88: Product has no PD deal in this market
A89: US | B89: Satin Sheets 6 Piece | C89: SATIN-STRIPE-FULL-WHITE--6-PCS | D89: B0C7K2B1Y3 | E89: 18 | F89: 1 | G89: 0 | H89: 0 | I89: 0 | J89: 0 | K89: 0 | L89: 0 | M89: 17 | N89: =SUM(I89:M89) -> 17 | O89: 30.42 | P89: 0.5 | Q89: 8.41 | R89: Not in any PD deal sheet | S89: — | T89: 0 | U89: =MAX(E89-T89,0) -> 18 | W89: 19.35 | Z89: Product has no PD deal in this market
A90: US | B90: Satin Sheets 6 Piece | C90: SATIN-RED-FULL-6-PCS | D90: B0C7FWSYPL | E90: 20 | F90: 0 | G90: 0 | H90: 1 | I90: 1 | J90: 0 | K90: 0 | L90: 18 | M90: 0 | N90: =SUM(I90:M90) -> 19 | O90: 29.14 | P90: 2 | Q90: 2.33 | R90: Not in any PD deal sheet | S90: — | T90: 0 | U90: =MAX(E90-T90,0) -> 20 | W90: 14.18 | Z90: Product has no PD deal in this market
A91: US | B91: Satin Sheets 6 Piece | C91: SATIN-STRIPE-FULL-GRAY--6-PCS | D91: B0C7K7NCKW | E91: 15 | F91: 0 | G91: 0 | H91: 0 | I91: 0 | J91: 6 | K91: 9 | L91: 0 | M91: 0 | N91: =SUM(I91:M91) -> 15 | O91: 28.84 | P91: 0 | R91: Not in any PD deal sheet | S91: — | T91: 0 | U91: =MAX(E91-T91,0) -> 15 | Z91: Product has no PD deal in this market
A92: US | B92: Satin Sheets 6 Piece | C92: SATIN-IVORY-QUEEN-6PCS | D92: B0C7FMQP5L | E92: 24 | F92: 0 | G92: 0 | H92: 1 | I92: 23 | J92: 0 | K92: 0 | L92: 0 | M92: 0 | N92: =SUM(I92:M92) -> 23 | O92: 27.42 | P92: 2 | Q92: 2.8 | R92: Not in any PD deal sheet | S92: — | T92: 0 | U92: =MAX(E92-T92,0) -> 24 | W92: 14.25 | Z92: Product has no PD deal in this market; 20+ units at 271d+ (high-rate brackets) still left after PD
A93: US | B93: Satin Sheets 6 Piece | C93: SATIN-TAUPE-QUEEN-6PCS | D93: B0C7FK58RV | E93: 18 | F93: 0 | G93: 0 | H93: 0 | I93: 0 | J93: 0 | K93: 7 | L93: 11 | M93: 0 | N93: =SUM(I93:M93) -> 18 | O93: 25.47 | P93: 0 | R93: Not in any PD deal sheet | S93: — | T93: 0 | U93: =MAX(E93-T93,0) -> 18 | Z93: Product has no PD deal in this market
A94: US | B94: Satin Sheets 6 Piece | C94: SATIN-STRIPE-FULL-BLUE--6-PCS | D94: B0C7K6CKLC | E94: 11 | F94: 0 | G94: 0 | H94: 0 | I94: 0 | J94: 0 | K94: 0 | L94: 11 | M94: 0 | N94: =SUM(I94:M94) -> 11 | O94: 22.87 | P94: 0 | R94: Not in any PD deal sheet | S94: — | T94: 0 | U94: =MAX(E94-T94,0) -> 11 | Z94: Product has no PD deal in this market
A95: US | B95: Satin Sheets 6 Piece | C95: SATIN-STRIPE-QUEEN-GRAY--6-PCS | D95: B0C7K438ML | E95: 13 | F95: 0 | G95: 0 | H95: 0 | I95: 0 | J95: 0 | K95: 6 | L95: 7 | M95: 0 | N95: =SUM(I95:M95) -> 13 | O95: 22.15 | P95: 2 | Q95: 1.52 | R95: Not in any PD deal sheet | S95: — | T95: 0 | U95: =MAX(E95-T95,0) -> 13 | W95: 13.96 | Z95: Product has no PD deal in this market
A96: US | B96: Satin Sheets 6 Piece | C96: SATIN-FULL-PINK-6PCS | D96: B0C7FQTJYM | E96: 16 | F96: 0 | G96: 0 | H96: 0 | I96: 0 | J96: 0 | K96: 0 | L96: 16 | M96: 0 | N96: =SUM(I96:M96) -> 16 | O96: 21.34 | P96: 0.75 | Q96: 4.98 | R96: Not in any PD deal sheet | S96: — | T96: 0 | U96: =MAX(E96-T96,0) -> 16 | W96: 15.27 | Z96: Product has no PD deal in this market
A97: US | B97: Satin Sheets 6 Piece | C97: SATIN-STRIPE-TWIN-GRAY--6-PCS | D97: B0C7K62XCT | E97: 20 | F97: 0 | G97: 0 | H97: 0 | I97: 0 | J97: 0 | K97: 0 | L97: 0 | M97: 20 | N97: =SUM(I97:M97) -> 20 | O97: 16.23 | P97: 0.25 | Q97: 18.69 | R97: Not in any PD deal sheet | S97: — | T97: 0 | U97: =MAX(E97-T97,0) -> 20 | W97: 18.51 | Z97: Product has no PD deal in this market; 20+ units at 271d+ (high-rate brackets) still left after PD
A98: US | B98: Satin Sheets 6 Piece | C98: SATIN-6PC-QUEEN-DARK GREEN | D98: B0D9QSYR9G | E98: 14 | F98: 2 | G98: 1 | H98: 1 | I98: 0 | J98: 0 | K98: 2 | L98: 8 | M98: 0 | N98: =SUM(I98:M98) -> 10 | O98: 14.78 | P98: 3 | Q98: 1.09 | R98: Not in any PD deal sheet | S98: — | T98: 0 | U98: =MAX(E98-T98,0) -> 14 | W98: 12.44 | Z98: Product has no PD deal in this market
A99: US | B99: Satin Sheets 6 Piece | C99: SATIN-KING-PINK-6PCS | D99: B0C7FMDPBF | E99: 8 | F99: 0 | G99: 0 | H99: 0 | I99: 0 | J99: 0 | K99: 1 | L99: 7 | M99: 0 | N99: =SUM(I99:M99) -> 8 | O99: 14.46 | P99: 2 | Q99: 0.93 | R99: Not in any PD deal sheet | S99: — | T99: 0 | U99: =MAX(E99-T99,0) -> 8 | W99: 13.95 | Z99: Product has no PD deal in this market
A100: US | B100: Satin Sheets 6 Piece | C100: SATIN-6PC-FULL-SAGE GREEN | D100: B0D9QVPJ4C | E100: 7 | F100: 0 | G100: 0 | H100: 0 | I100: 0 | J100: 0 | K100: 0 | L100: 7 | M100: 0 | N100: =SUM(I100:M100) -> 7 | O100: 14.37 | P100: 1.25 | Q100: 1.31 | R100: Not in any PD deal sheet | S100: — | T100: 0 | U100: =MAX(E100-T100,0) -> 7 | W100: 13.83 | Z100: Product has no PD deal in this market
...
